<?xml version="1.0" encoding="UTF-8"?><font><info face="PixelifySans-Regular" size="72" bold="0" italic="0" charset="" unicode="1" stretchH="100" smooth="1" aa="1" padding="1,1,1,1" spacing="1,1"/><common lineHeight="72" base="66" scaleW="458" scaleH="457" pages="1" packed="0"/><pages><page id="0" file="Pixelify.png"/></pages><chars count="91"><char id="32" x="0" y="0" width="0" height="0" xoffset="0" yoffset="0" xadvance="15" page="0" chnl="15"/><!--   --><char id="33" x="64" y="283" width="16" height="54" xoffset="0" yoffset="18" xadvance="16" page="0" chnl="15"/><!-- ! --><char id="34" x="350" y="415" width="34" height="21" xoffset="0" yoffset="18" xadvance="34" page="0" chnl="15"/><!-- " --><char id="35" x="0" y="359" width="49" height="54" xoffset="0" yoffset="18" xadvance="49" page="0" chnl="15"/><!-- # --><char id="36" x="84" y="208" width="42" height="67" xoffset="0" yoffset="11" xadvance="43" page="0" chnl="15"/><!-- $ --><char id="37" x="0" y="55" width="63" height="54" xoffset="0" yoffset="18" xadvance="63" page="0" chnl="15"/><!-- % --><char id="38" x="85" y="0" width="49" height="54" xoffset="0" yoffset="18" xadvance="49" page="0" chnl="15"/><!-- & --><char id="39" x="64" y="135" width="19" height="21" xoffset="0" yoffset="18" xadvance="20" page="0" chnl="15"/><!-- ' --><char id="40" x="429" y="0" width="29" height="75" xoffset="0" yoffset="8" xadvance="27" page="0" chnl="15"/><!-- ( --><char id="41" x="429" y="76" width="29" height="75" xoffset="-2" yoffset="8" xadvance="27" page="0" chnl="15"/><!-- ) --><char id="42" x="64" y="91" width="19" height="21" xoffset="0" yoffset="18" xadvance="20" page="0" chnl="15"/><!-- * --><char id="43" x="84" y="55" width="43" height="42" xoffset="0" yoffset="23" xadvance="44" page="0" chnl="15"/><!-- + --><char id="44" x="64" y="113" width="19" height="21" xoffset="0" yoffset="56" xadvance="20" page="0" chnl="15"/><!-- , --><char id="45" x="84" y="441" width="29" height="16" xoffset="-3" yoffset="41" xadvance="24" page="0" chnl="15"/><!-- - --><char id="46" x="64" y="422" width="16" height="15" xoffset="0" yoffset="56" xadvance="16" page="0" chnl="15"/><!-- . --><char id="47" x="350" y="291" width="38" height="54" xoffset="0" yoffset="18" xadvance="39" page="0" chnl="15"/><!-- / --><char id="48" x="84" y="276" width="42" height="54" xoffset="0" yoffset="18" xadvance="43" page="0" chnl="15"/><!-- 0 --><char id="49" x="429" y="274" width="29" height="54" xoffset="0" yoffset="18" xadvance="30" page="0" chnl="15"/><!-- 1 --><char id="50" x="84" y="331" width="42" height="54" xoffset="0" yoffset="18" xadvance="43" page="0" chnl="15"/><!-- 2 --><char id="51" x="84" y="386" width="42" height="54" xoffset="0" yoffset="18" xadvance="43" page="0" chnl="15"/><!-- 3 --><char id="52" x="135" y="0" width="42" height="54" xoffset="0" yoffset="18" xadvance="43" page="0" chnl="15"/><!-- 4 --><char id="53" x="128" y="55" width="42" height="54" xoffset="0" yoffset="18" xadvance="43" page="0" chnl="15"/><!-- 5 --><char id="54" x="128" y="110" width="42" height="54" xoffset="0" yoffset="18" xadvance="43" page="0" chnl="15"/><!-- 6 --><char id="55" x="128" y="165" width="42" height="54" xoffset="0" yoffset="18" xadvance="43" page="0" chnl="15"/><!-- 7 --><char id="56" x="128" y="220" width="42" height="54" xoffset="0" yoffset="18" xadvance="43" page="0" chnl="15"/><!-- 8 --><char id="57" x="128" y="275" width="42" height="54" xoffset="0" yoffset="18" xadvance="43" page="0" chnl="15"/><!-- 9 --><char id="58" x="64" y="393" width="16" height="28" xoffset="0" yoffset="37" xadvance="16" page="0" chnl="15"/><!-- : --><char id="59" x="64" y="55" width="19" height="35" xoffset="0" yoffset="37" xadvance="20" page="0" chnl="15"/><!-- ; --><char id="61" x="350" y="346" width="37" height="26" xoffset="3" yoffset="35" xadvance="44" page="0" chnl="15"/><!-- = --><char id="63" x="300" y="275" width="42" height="54" xoffset="0" yoffset="18" xadvance="43" page="0" chnl="15"/><!-- ? --><char id="64" x="350" y="252" width="42" height="38" xoffset="0" yoffset="29" xadvance="43" page="0" chnl="15"/><!-- @ --><char id="65" x="171" y="385" width="42" height="54" xoffset="0" yoffset="18" xadvance="43" page="0" chnl="15"/><!-- A --><char id="66" x="221" y="0" width="42" height="54" xoffset="0" yoffset="18" xadvance="43" page="0" chnl="15"/><!-- B --><char id="67" x="214" y="55" width="42" height="54" xoffset="0" yoffset="18" xadvance="43" page="0" chnl="15"/><!-- C --><char id="68" x="214" y="110" width="42" height="54" xoffset="0" yoffset="18" xadvance="43" page="0" chnl="15"/><!-- D --><char id="69" x="214" y="165" width="42" height="54" xoffset="0" yoffset="18" xadvance="43" page="0" chnl="15"/><!-- E --><char id="70" x="214" y="220" width="42" height="54" xoffset="0" yoffset="18" xadvance="43" page="0" chnl="15"/><!-- F --><char id="71" x="214" y="275" width="42" height="54" xoffset="0" yoffset="18" xadvance="43" page="0" chnl="15"/><!-- G --><char id="72" x="214" y="330" width="42" height="54" xoffset="0" yoffset="18" xadvance="43" page="0" chnl="15"/><!-- H --><char id="73" x="429" y="329" width="29" height="54" xoffset="0" yoffset="18" xadvance="30" page="0" chnl="15"/><!-- I --><char id="74" x="214" y="385" width="42" height="54" xoffset="0" yoffset="18" xadvance="43" page="0" chnl="15"/><!-- J --><char id="75" x="264" y="0" width="42" height="54" xoffset="0" yoffset="18" xadvance="43" page="0" chnl="15"/><!-- K --><char id="76" x="257" y="55" width="42" height="54" xoffset="0" yoffset="18" xadvance="43" page="0" chnl="15"/><!-- L --><char id="77" x="0" y="110" width="55" height="54" xoffset="0" yoffset="18" xadvance="56" page="0" chnl="15"/><!-- M --><char id="78" x="257" y="110" width="42" height="54" xoffset="0" yoffset="18" xadvance="43" page="0" chnl="15"/><!-- N --><char id="79" x="257" y="165" width="42" height="54" xoffset="0" yoffset="18" xadvance="43" page="0" chnl="15"/><!-- O --><char id="80" x="257" y="220" width="42" height="54" xoffset="0" yoffset="18" xadvance="43" page="0" chnl="15"/><!-- P --><char id="81" x="84" y="140" width="42" height="67" xoffset="0" yoffset="18" xadvance="43" page="0" chnl="15"/><!-- Q --><char id="82" x="257" y="275" width="42" height="54" xoffset="0" yoffset="18" xadvance="43" page="0" chnl="15"/><!-- R --><char id="83" x="257" y="330" width="42" height="54" xoffset="0" yoffset="18" xadvance="43" page="0" chnl="15"/><!-- S --><char id="84" x="257" y="385" width="42" height="54" xoffset="0" yoffset="18" xadvance="43" page="0" chnl="15"/><!-- T --><char id="85" x="307" y="0" width="42" height="54" xoffset="0" yoffset="18" xadvance="43" page="0" chnl="15"/><!-- U --><char id="86" x="300" y="55" width="42" height="54" xoffset="0" yoffset="18" xadvance="43" page="0" chnl="15"/><!-- V --><char id="87" x="0" y="165" width="55" height="54" xoffset="0" yoffset="18" xadvance="56" page="0" chnl="15"/><!-- W --><char id="88" x="300" y="110" width="42" height="54" xoffset="0" yoffset="18" xadvance="43" page="0" chnl="15"/><!-- X --><char id="89" x="300" y="165" width="42" height="54" xoffset="0" yoffset="18" xadvance="43" page="0" chnl="15"/><!-- Y --><char id="90" x="300" y="220" width="42" height="54" xoffset="0" yoffset="18" xadvance="43" page="0" chnl="15"/><!-- Z --><char id="91" x="429" y="152" width="29" height="60" xoffset="0" yoffset="15" xadvance="27" page="0" chnl="15"/><!-- [ --><char id="93" x="429" y="213" width="29" height="60" xoffset="-2" yoffset="15" xadvance="27" page="0" chnl="15"/><!-- ] --><char id="94" x="64" y="157" width="19" height="15" xoffset="0" yoffset="18" xadvance="20" page="0" chnl="15"/><!-- ^ --><char id="95" x="128" y="440" width="32" height="15" xoffset="0" yoffset="56" xadvance="32" page="0" chnl="15"/><!-- _ --><char id="97" x="0" y="414" width="49" height="41" xoffset="0" yoffset="31" xadvance="49" page="0" chnl="15"/><!-- a --><char id="98" x="128" y="330" width="42" height="54" xoffset="0" yoffset="18" xadvance="43" page="0" chnl="15"/><!-- b --><char id="99" x="300" y="330" width="42" height="41" xoffset="0" yoffset="31" xadvance="43" page="0" chnl="15"/><!-- c --><char id="100" x="128" y="385" width="42" height="54" xoffset="0" yoffset="18" xadvance="43" page="0" chnl="15"/><!-- d --><char id="101" x="300" y="372" width="42" height="41" xoffset="0" yoffset="31" xadvance="43" page="0" chnl="15"/><!-- e --><char id="102" x="178" y="0" width="42" height="54" xoffset="0" yoffset="18" xadvance="43" page="0" chnl="15"/><!-- f --><char id="103" x="171" y="55" width="42" height="54" xoffset="0" yoffset="31" xadvance="43" page="0" chnl="15"/><!-- g --><char id="104" x="171" y="110" width="42" height="54" xoffset="0" yoffset="18" xadvance="43" page="0" chnl="15"/><!-- h --><char id="105" x="64" y="173" width="16" height="54" xoffset="0" yoffset="18" xadvance="16" page="0" chnl="15"/><!-- i --><char id="106" x="350" y="373" width="36" height="41" xoffset="0" yoffset="31" xadvance="36" page="0" chnl="15"/><!-- j --><char id="107" x="171" y="165" width="42" height="54" xoffset="0" yoffset="18" xadvance="43" page="0" chnl="15"/><!-- k --><char id="108" x="64" y="228" width="16" height="54" xoffset="0" yoffset="18" xadvance="16" page="0" chnl="15"/><!-- l --><char id="109" x="0" y="220" width="55" height="41" xoffset="0" yoffset="31" xadvance="56" page="0" chnl="15"/><!-- m --><char id="110" x="300" y="414" width="42" height="41" xoffset="0" yoffset="31" xadvance="43" page="0" chnl="15"/><!-- n --><char id="111" x="350" y="0" width="42" height="41" xoffset="0" yoffset="31" xadvance="43" page="0" chnl="15"/><!-- o --><char id="112" x="171" y="220" width="42" height="54" xoffset="0" yoffset="31" xadvance="43" page="0" chnl="15"/><!-- p --><char id="113" x="171" y="275" width="42" height="54" xoffset="0" yoffset="31" xadvance="43" page="0" chnl="15"/><!-- q --><char id="114" x="350" y="42" width="42" height="41" xoffset="0" yoffset="31" xadvance="43" page="0" chnl="15"/><!-- r --><char id="115" x="350" y="84" width="42" height="41" xoffset="0" yoffset="31" xadvance="43" page="0" chnl="15"/><!-- s --><char id="116" x="0" y="304" width="49" height="54" xoffset="0" yoffset="18" xadvance="49" page="0" chnl="15"/><!-- t --><char id="117" x="350" y="126" width="42" height="41" xoffset="0" yoffset="31" xadvance="43" page="0" chnl="15"/><!-- u --><char id="118" x="84" y="98" width="43" height="41" xoffset="-1" yoffset="31" xadvance="42" page="0" chnl="15"/><!-- v --><char id="119" x="0" y="262" width="55" height="41" xoffset="0" yoffset="31" xadvance="56" page="0" chnl="15"/><!-- w --><char id="120" x="350" y="168" width="42" height="41" xoffset="0" yoffset="31" xadvance="43" page="0" chnl="15"/><!-- x --><char id="121" x="171" y="330" width="42" height="54" xoffset="0" yoffset="31" xadvance="43" page="0" chnl="15"/><!-- y --><char id="122" x="350" y="210" width="42" height="41" xoffset="0" yoffset="31" xadvance="43" page="0" chnl="15"/><!-- z --><char id="123" x="393" y="0" width="35" height="68" xoffset="-2" yoffset="11" xadvance="34" page="0" chnl="15"/><!-- { --><char id="124" x="64" y="338" width="16" height="54" xoffset="0" yoffset="18" xadvance="16" page="0" chnl="15"/><!-- | --><char id="125" x="393" y="69" width="35" height="68" xoffset="-2" yoffset="11" xadvance="34" page="0" chnl="15"/><!-- } --><char id="8470" x="0" y="0" width="84" height="54" xoffset="0" yoffset="18" xadvance="84" page="0" chnl="15"/><!-- № --></chars><kernings count="1159"><kerning first="48" second="49" amount="-1"/><kerning first="48" second="84" amount="-1"/><kerning first="48" second="88" amount="-2"/><kerning first="48" second="89" amount="-1"/><kerning first="49" second="116" amount="-1"/><kerning first="49" second="65" amount="-1"/><kerning first="49" second="88" amount="-1"/><kerning first="49" second="89" amount="-2"/><kerning first="51" second="49" amount="-3"/><kerning first="51" second="97" amount="-1"/><kerning first="51" second="99" amount="-1"/><kerning first="51" second="101" amount="-1"/><kerning first="51" second="103" amount="-1"/><kerning first="51" second="111" amount="-1"/><kerning first="51" second="113" amount="-1"/><kerning first="51" second="118" amount="-2"/><kerning first="51" second="84" amount="-3"/><kerning first="51" second="86" amount="-1"/><kerning first="51" second="88" amount="-3"/><kerning first="51" second="89" amount="-3"/><kerning first="52" second="49" amount="-2"/><kerning first="52" second="97" amount="-1"/><kerning first="52" second="99" amount="-1"/><kerning first="52" second="101" amount="-1"/><kerning first="52" second="103" amount="-2"/><kerning first="52" second="111" amount="-1"/><kerning first="52" second="113" amount="-1"/><kerning first="52" second="84" amount="-2"/><kerning first="52" second="89" amount="-1"/><kerning first="54" second="49" amount="-1"/><kerning first="54" second="97" amount="-2"/><kerning first="54" second="98" amount="-1"/><kerning first="54" second="99" amount="-1"/><kerning first="54" second="100" amount="-1"/><kerning first="54" second="101" amount="-2"/><kerning first="54" second="103" amount="-1"/><kerning first="54" second="111" amount="-2"/><kerning first="54" second="113" amount="-2"/><kerning first="54" second="116" amount="-3"/><kerning first="54" second="84" amount="-1"/><kerning first="54" second="86" amount="-1"/><kerning first="54" second="88" amount="-3"/><kerning first="54" second="89" amount="-2"/><kerning first="55" second="116" amount="-1"/><kerning first="55" second="65" amount="-1"/><kerning first="55" second="88" amount="-1"/><kerning first="55" second="89" amount="-2"/><kerning first="56" second="49" amount="-3"/><kerning first="56" second="97" amount="-1"/><kerning first="56" second="99" amount="-1"/><kerning first="56" second="101" amount="-1"/><kerning first="56" second="103" amount="-1"/><kerning first="56" second="111" amount="-1"/><kerning first="56" second="113" amount="-1"/><kerning first="56" second="118" amount="-2"/><kerning first="56" second="84" amount="-3"/><kerning first="56" second="86" amount="-1"/><kerning first="56" second="88" amount="-3"/><kerning first="56" second="89" amount="-3"/><kerning first="57" second="49" amount="-1"/><kerning first="57" second="84" amount="-1"/><kerning first="57" second="88" amount="-2"/><kerning first="57" second="89" amount="-1"/><kerning first="97" second="48" amount="-5"/><kerning first="97" second="49" amount="-9"/><kerning first="97" second="54" amount="-5"/><kerning first="97" second="57" amount="-2"/><kerning first="97" second="97" amount="-4"/><kerning first="97" second="98" amount="-4"/><kerning first="97" second="99" amount="-4"/><kerning first="97" second="100" amount="-4"/><kerning first="97" second="101" amount="-4"/><kerning first="97" second="102" amount="-4"/><kerning first="97" second="103" amount="-4"/><kerning first="97" second="104" amount="-2"/><kerning first="97" second="105" amount="-2"/><kerning first="97" second="106" amount="-4"/><kerning first="97" second="107" amount="-3"/><kerning first="97" second="108" amount="-2"/><kerning first="97" second="109" amount="-2"/><kerning first="97" second="110" amount="-2"/><kerning first="97" second="111" amount="-4"/><kerning first="97" second="113" amount="-4"/><kerning first="97" second="115" amount="-2"/><kerning first="97" second="116" amount="-8"/><kerning first="97" second="117" amount="-3"/><kerning first="97" second="118" amount="-6"/><kerning first="97" second="119" amount="-2"/><kerning first="97" second="120" amount="-3"/><kerning first="97" second="121" amount="-5"/><kerning first="97" second="122" amount="-2"/><kerning first="97" second="65" amount="-3"/><kerning first="97" second="66" amount="-5"/><kerning first="97" second="67" amount="-5"/><kerning first="97" second="69" amount="-5"/><kerning first="97" second="70" amount="-4"/><kerning first="97" second="71" amount="-5"/><kerning first="97" second="74" amount="-4"/><kerning first="97" second="76" amount="-4"/><kerning first="97" second="77" amount="-3"/><kerning first="97" second="79" amount="-5"/><kerning first="97" second="80" amount="-3"/><kerning first="97" second="81" amount="-5"/><kerning first="97" second="83" amount="-2"/><kerning first="97" second="84" amount="-9"/><kerning first="97" second="85" amount="-4"/><kerning first="97" second="86" amount="-7"/><kerning first="97" second="87" amount="-2"/><kerning first="97" second="88" amount="-4"/><kerning first="97" second="89" amount="-14"/><kerning first="98" second="49" amount="-9"/><kerning first="98" second="57" amount="-1"/><kerning first="98" second="97" amount="-1"/><kerning first="98" second="99" amount="-1"/><kerning first="98" second="101" amount="-1"/><kerning first="98" second="103" amount="-1"/><kerning first="98" second="108" amount="-1"/><kerning first="98" second="109" amount="-1"/><kerning first="98" second="110" amount="-1"/><kerning first="98" second="111" amount="-1"/><kerning first="98" second="113" amount="-1"/><kerning first="98" second="114" amount="-1"/><kerning first="98" second="115" amount="-1"/><kerning first="98" second="116" amount="-4"/><kerning first="98" second="118" amount="-3"/><kerning first="98" second="119" amount="-2"/><kerning first="98" second="120" amount="-2"/><kerning first="98" second="121" amount="-1"/><kerning first="98" second="83" amount="-1"/><kerning first="98" second="84" amount="-9"/><kerning first="98" second="86" amount="-2"/><kerning first="98" second="89" amount="-7"/><kerning first="99" second="48" amount="-2"/><kerning first="99" second="49" amount="-9"/><kerning first="99" second="54" amount="-2"/><kerning first="99" second="57" amount="-1"/><kerning first="99" second="97" amount="-2"/><kerning first="99" second="98" amount="-1"/><kerning first="99" second="99" amount="-2"/><kerning first="99" second="100" amount="-1"/><kerning first="99" second="101" amount="-2"/><kerning first="99" second="102" amount="-1"/><kerning first="99" second="103" amount="-2"/><kerning first="99" second="104" amount="-1"/><kerning first="99" second="107" amount="-1"/><kerning first="99" second="108" amount="-1"/><kerning first="99" second="111" amount="-2"/><kerning first="99" second="113" amount="-2"/><kerning first="99" second="115" amount="-1"/><kerning first="99" second="116" amount="-4"/><kerning first="99" second="117" amount="-1"/><kerning first="99" second="118" amount="-2"/><kerning first="99" second="120" amount="-2"/><kerning first="99" second="121" amount="-2"/><kerning first="99" second="66" amount="-2"/><kerning first="99" second="67" amount="-2"/><kerning first="99" second="69" amount="-2"/><kerning first="99" second="71" amount="-2"/><kerning first="99" second="74" amount="-2"/><kerning first="99" second="79" amount="-2"/><kerning first="99" second="81" amount="-2"/><kerning first="99" second="83" amount="-1"/><kerning first="99" second="84" amount="-9"/><kerning first="99" second="86" amount="-2"/><kerning first="99" second="88" amount="-4"/><kerning first="99" second="89" amount="-7"/><kerning first="100" second="57" amount="-1"/><kerning first="100" second="97" amount="-1"/><kerning first="100" second="98" amount="-1"/><kerning first="100" second="99" amount="-1"/><kerning first="100" second="100" amount="-1"/><kerning first="100" second="101" amount="-1"/><kerning first="100" second="102" amount="-1"/><kerning first="100" second="103" amount="-1"/><kerning first="100" second="104" amount="-1"/><kerning first="100" second="106" amount="-1"/><kerning first="100" second="107" amount="-1"/><kerning first="100" second="108" amount="-1"/><kerning first="100" second="109" amount="-1"/><kerning first="100" second="110" amount="-1"/><kerning first="100" second="111" amount="-1"/><kerning first="100" second="113" amount="-1"/><kerning first="100" second="114" amount="-1"/><kerning first="100" second="115" amount="-1"/><kerning first="100" second="116" amount="-3"/><kerning first="100" second="117" amount="-1"/><kerning first="100" second="118" amount="-2"/><kerning first="100" second="119" amount="-1"/><kerning first="100" second="120" amount="-1"/><kerning first="100" second="121" amount="-1"/><kerning first="100" second="122" amount="-1"/><kerning first="100" second="83" amount="-1"/><kerning first="100" second="89" amount="-1"/><kerning first="102" second="48" amount="-4"/><kerning first="102" second="54" amount="-4"/><kerning first="102" second="57" amount="-3"/><kerning first="102" second="97" amount="-7"/><kerning first="102" second="98" amount="-2"/><kerning first="102" second="99" amount="-7"/><kerning first="102" second="100" amount="-7"/><kerning first="102" second="101" amount="-7"/><kerning first="102" second="103" amount="-7"/><kerning first="102" second="104" amount="-2"/><kerning first="102" second="106" amount="-14"/><kerning first="102" second="107" amount="-4"/><kerning first="102" second="108" amount="-4"/><kerning first="102" second="109" amount="-5"/><kerning first="102" second="110" amount="-5"/><kerning first="102" second="111" amount="-7"/><kerning first="102" second="113" amount="-7"/><kerning first="102" second="114" amount="-8"/><kerning first="102" second="115" amount="-7"/><kerning first="102" second="116" amount="-6"/><kerning first="102" second="117" amount="-4"/><kerning first="102" second="118" amount="-5"/><kerning first="102" second="119" amount="-4"/><kerning first="102" second="120" amount="-6"/><kerning first="102" second="121" amount="-6"/><kerning first="102" second="122" amount="-4"/><kerning first="102" second="66" amount="-4"/><kerning first="102" second="67" amount="-4"/><kerning first="102" second="69" amount="-4"/><kerning first="102" second="71" amount="-4"/><kerning first="102" second="79" amount="-4"/><kerning first="102" second="81" amount="-4"/><kerning first="102" second="83" amount="-3"/><kerning first="102" second="86" amount="-3"/><kerning first="102" second="89" amount="-5"/><kerning first="103" second="48" amount="-1"/><kerning first="103" second="49" amount="-9"/><kerning first="103" second="54" amount="-1"/><kerning first="103" second="57" amount="-1"/><kerning first="103" second="97" amount="-2"/><kerning first="103" second="98" amount="-1"/><kerning first="103" second="99" amount="-1"/><kerning first="103" second="100" amount="-1"/><kerning first="103" second="101" amount="-2"/><kerning first="103" second="102" amount="-1"/><kerning first="103" second="103" amount="-1"/><kerning first="103" second="104" amount="-1"/><kerning first="103" second="106" amount="-1"/><kerning first="103" second="107" amount="-1"/><kerning first="103" second="108" amount="-1"/><kerning first="103" second="111" amount="-2"/><kerning first="103" second="113" amount="-2"/><kerning first="103" second="115" amount="-1"/><kerning first="103" second="116" amount="-3"/><kerning first="103" second="117" amount="-1"/><kerning first="103" second="118" amount="-3"/><kerning first="103" second="66" amount="-1"/><kerning first="103" second="67" amount="-1"/><kerning first="103" second="69" amount="-1"/><kerning first="103" second="71" amount="-1"/><kerning first="103" second="79" amount="-1"/><kerning first="103" second="81" amount="-1"/><kerning first="103" second="83" amount="-1"/><kerning first="103" second="84" amount="-9"/><kerning first="103" second="86" amount="-2"/><kerning first="103" second="89" amount="-7"/><kerning first="104" second="48" amount="-2"/><kerning first="104" second="49" amount="-7"/><kerning first="104" second="54" amount="-2"/><kerning first="104" second="57" amount="-1"/><kerning first="104" second="97" amount="-1"/><kerning first="104" second="99" amount="-2"/><kerning first="104" second="100" amount="-1"/><kerning first="104" second="101" amount="-1"/><kerning first="104" second="103" amount="-1"/><kerning first="104" second="111" amount="-1"/><kerning first="104" second="113" amount="-1"/><kerning first="104" second="115" amount="-1"/><kerning first="104" second="116" amount="-3"/><kerning first="104" second="117" amount="-1"/><kerning first="104" second="118" amount="-2"/><kerning first="104" second="119" amount="-1"/><kerning first="104" second="120" amount="-2"/><kerning first="104" second="121" amount="-1"/><kerning first="104" second="66" amount="-2"/><kerning first="104" second="67" amount="-2"/><kerning first="104" second="69" amount="-2"/><kerning first="104" second="71" amount="-2"/><kerning first="104" second="79" amount="-2"/><kerning first="104" second="81" amount="-2"/><kerning first="104" second="83" amount="-1"/><kerning first="104" second="84" amount="-7"/><kerning first="104" second="86" amount="-1"/><kerning first="104" second="89" amount="-7"/><kerning first="105" second="48" amount="-1"/><kerning first="105" second="49" amount="-2"/><kerning first="105" second="54" amount="-1"/><kerning first="105" second="97" amount="-1"/><kerning first="105" second="98" amount="-1"/><kerning first="105" second="99" amount="-1"/><kerning first="105" second="101" amount="-1"/><kerning first="105" second="103" amount="-1"/><kerning first="105" second="106" amount="-1"/><kerning first="105" second="109" amount="-1"/><kerning first="105" second="110" amount="-1"/><kerning first="105" second="111" amount="-1"/><kerning first="105" second="113" amount="-1"/><kerning first="105" second="116" amount="-2"/><kerning first="105" second="119" amount="-1"/><kerning first="105" second="121" amount="-1"/><kerning first="105" second="122" amount="-1"/><kerning first="105" second="66" amount="-1"/><kerning first="105" second="67" amount="-1"/><kerning first="105" second="69" amount="-1"/><kerning first="105" second="71" amount="-1"/><kerning first="105" second="79" amount="-1"/><kerning first="105" second="81" amount="-1"/><kerning first="105" second="84" amount="-2"/><kerning first="105" second="86" amount="-1"/><kerning first="105" second="89" amount="-2"/><kerning first="106" second="48" amount="-1"/><kerning first="106" second="49" amount="-9"/><kerning first="106" second="54" amount="-1"/><kerning first="106" second="100" amount="-1"/><kerning first="106" second="103" amount="-1"/><kerning first="106" second="104" amount="-2"/><kerning first="106" second="114" amount="-1"/><kerning first="106" second="116" amount="-3"/><kerning first="106" second="66" amount="-1"/><kerning first="106" second="67" amount="-1"/><kerning first="106" second="69" amount="-1"/><kerning first="106" second="71" amount="-1"/><kerning first="106" second="79" amount="-1"/><kerning first="106" second="81" amount="-1"/><kerning first="106" second="84" amount="-9"/><kerning first="106" second="89" amount="-7"/><kerning first="107" second="48" amount="-1"/><kerning first="107" second="54" amount="-1"/><kerning first="107" second="97" amount="-4"/><kerning first="107" second="98" amount="-1"/><kerning first="107" second="99" amount="-4"/><kerning first="107" second="100" amount="-4"/><kerning first="107" second="101" amount="-4"/><kerning first="107" second="102" amount="-1"/><kerning first="107" second="103" amount="-1"/><kerning first="107" second="104" amount="-1"/><kerning first="107" second="107" amount="-1"/><kerning first="107" second="108" amount="-1"/><kerning first="107" second="109" amount="-1"/><kerning first="107" second="110" amount="-1"/><kerning first="107" second="111" amount="-4"/><kerning first="107" second="113" amount="-4"/><kerning first="107" second="114" amount="-1"/><kerning first="107" second="115" amount="-1"/><kerning first="107" second="116" amount="-3"/><kerning first="107" second="117" amount="-1"/><kerning first="107" second="118" amount="-2"/><kerning first="107" second="119" amount="-1"/><kerning first="107" second="121" amount="-1"/><kerning first="107" second="122" amount="-1"/><kerning first="107" second="66" amount="-1"/><kerning first="107" second="67" amount="-1"/><kerning first="107" second="69" amount="-1"/><kerning first="107" second="71" amount="-1"/><kerning first="107" second="79" amount="-1"/><kerning first="107" second="81" amount="-1"/><kerning first="108" second="97" amount="-1"/><kerning first="108" second="99" amount="-2"/><kerning first="108" second="101" amount="-1"/><kerning first="108" second="103" amount="-1"/><kerning first="108" second="107" amount="-2"/><kerning first="108" second="109" amount="-1"/><kerning first="108" second="110" amount="-1"/><kerning first="108" second="111" amount="-1"/><kerning first="108" second="113" amount="-1"/><kerning first="108" second="114" amount="-1"/><kerning first="108" second="115" amount="-1"/><kerning first="108" second="116" amount="-2"/><kerning first="108" second="117" amount="-1"/><kerning first="108" second="118" amount="-2"/><kerning first="108" second="119" amount="-1"/><kerning first="108" second="120" amount="-1"/><kerning first="108" second="121" amount="-1"/><kerning first="109" second="48" amount="-1"/><kerning first="109" second="49" amount="-9"/><kerning first="109" second="54" amount="-1"/><kerning first="109" second="57" amount="-1"/><kerning first="109" second="97" amount="-1"/><kerning first="109" second="98" amount="-1"/><kerning first="109" second="99" amount="-1"/><kerning first="109" second="100" amount="-1"/><kerning first="109" second="101" amount="-1"/><kerning first="109" second="102" amount="-1"/><kerning first="109" second="103" amount="-1"/><kerning first="109" second="104" amount="-1"/><kerning first="109" second="106" amount="-1"/><kerning first="109" second="107" amount="-1"/><kerning first="109" second="108" amount="-1"/><kerning first="109" second="111" amount="-1"/><kerning first="109" second="113" amount="-1"/><kerning first="109" second="115" amount="-1"/><kerning first="109" second="116" amount="-3"/><kerning first="109" second="117" amount="-1"/><kerning first="109" second="118" amount="-3"/><kerning first="109" second="66" amount="-1"/><kerning first="109" second="67" amount="-1"/><kerning first="109" second="69" amount="-1"/><kerning first="109" second="71" amount="-1"/><kerning first="109" second="79" amount="-1"/><kerning first="109" second="81" amount="-1"/><kerning first="109" second="83" amount="-1"/><kerning first="109" second="84" amount="-9"/><kerning first="109" second="86" amount="-2"/><kerning first="109" second="89" amount="-7"/><kerning first="110" second="48" amount="-1"/><kerning first="110" second="49" amount="-9"/><kerning first="110" second="54" amount="-1"/><kerning first="110" second="57" amount="-1"/><kerning first="110" second="97" amount="-2"/><kerning first="110" second="98" amount="-1"/><kerning first="110" second="99" amount="-1"/><kerning first="110" second="100" amount="-1"/><kerning first="110" second="101" amount="-2"/><kerning first="110" second="102" amount="-1"/><kerning first="110" second="103" amount="-1"/><kerning first="110" second="104" amount="-1"/><kerning first="110" second="106" amount="-1"/><kerning first="110" second="107" amount="-1"/><kerning first="110" second="108" amount="-1"/><kerning first="110" second="111" amount="-2"/><kerning first="110" second="113" amount="-2"/><kerning first="110" second="115" amount="-1"/><kerning first="110" second="116" amount="-3"/><kerning first="110" second="117" amount="-1"/><kerning first="110" second="118" amount="-3"/><kerning first="110" second="66" amount="-1"/><kerning first="110" second="67" amount="-1"/><kerning first="110" second="69" amount="-1"/><kerning first="110" second="71" amount="-1"/><kerning first="110" second="79" amount="-1"/><kerning first="110" second="81" amount="-1"/><kerning first="110" second="83" amount="-1"/><kerning first="110" second="84" amount="-9"/><kerning first="110" second="86" amount="-2"/><kerning first="110" second="89" amount="-7"/><kerning first="113" second="48" amount="-1"/><kerning first="113" second="49" amount="-9"/><kerning first="113" second="54" amount="-1"/><kerning first="113" second="57" amount="-1"/><kerning first="113" second="97" amount="-2"/><kerning first="113" second="98" amount="-1"/><kerning first="113" second="99" amount="-1"/><kerning first="113" second="100" amount="-1"/><kerning first="113" second="101" amount="-2"/><kerning first="113" second="102" amount="-1"/><kerning first="113" second="103" amount="-1"/><kerning first="113" second="104" amount="-1"/><kerning first="113" second="106" amount="-1"/><kerning first="113" second="107" amount="-1"/><kerning first="113" second="108" amount="-1"/><kerning first="113" second="111" amount="-2"/><kerning first="113" second="113" amount="-2"/><kerning first="113" second="115" amount="-1"/><kerning first="113" second="116" amount="-3"/><kerning first="113" second="117" amount="-1"/><kerning first="113" second="118" amount="-3"/><kerning first="113" second="66" amount="-1"/><kerning first="113" second="67" amount="-1"/><kerning first="113" second="69" amount="-1"/><kerning first="113" second="71" amount="-1"/><kerning first="113" second="79" amount="-1"/><kerning first="113" second="81" amount="-1"/><kerning first="113" second="83" amount="-1"/><kerning first="113" second="84" amount="-9"/><kerning first="113" second="86" amount="-2"/><kerning first="113" second="89" amount="-7"/><kerning first="114" second="48" amount="-1"/><kerning first="114" second="49" amount="-9"/><kerning first="114" second="54" amount="-1"/><kerning first="114" second="57" amount="-1"/><kerning first="114" second="97" amount="-2"/><kerning first="114" second="98" amount="-1"/><kerning first="114" second="99" amount="-1"/><kerning first="114" second="100" amount="-2"/><kerning first="114" second="101" amount="-2"/><kerning first="114" second="103" amount="-1"/><kerning first="114" second="107" amount="-1"/><kerning first="114" second="108" amount="-1"/><kerning first="114" second="109" amount="-2"/><kerning first="114" second="110" amount="-2"/><kerning first="114" second="111" amount="-2"/><kerning first="114" second="113" amount="-2"/><kerning first="114" second="114" amount="-2"/><kerning first="114" second="115" amount="-1"/><kerning first="114" second="117" amount="-1"/><kerning first="114" second="118" amount="-1"/><kerning first="114" second="119" amount="-1"/><kerning first="114" second="120" amount="-1"/><kerning first="114" second="121" amount="-1"/><kerning first="114" second="122" amount="-1"/><kerning first="114" second="66" amount="-1"/><kerning first="114" second="67" amount="-1"/><kerning first="114" second="69" amount="-1"/><kerning first="114" second="71" amount="-1"/><kerning first="114" second="79" amount="-1"/><kerning first="114" second="81" amount="-1"/><kerning first="114" second="83" amount="-1"/><kerning first="114" second="84" amount="-9"/><kerning first="114" second="86" amount="-2"/><kerning first="114" second="89" amount="-7"/><kerning first="114" second="95" amount="-11"/><kerning first="114" second="46" amount="-11"/><kerning first="114" second="44" amount="-11"/><kerning first="115" second="48" amount="-1"/><kerning first="115" second="49" amount="-9"/><kerning first="115" second="54" amount="-1"/><kerning first="115" second="97" amount="-1"/><kerning first="115" second="98" amount="-2"/><kerning first="115" second="99" amount="-1"/><kerning first="115" second="101" amount="-1"/><kerning first="115" second="103" amount="-1"/><kerning first="115" second="111" amount="-1"/><kerning first="115" second="113" amount="-1"/><kerning first="115" second="114" amount="-1"/><kerning first="115" second="115" amount="-1"/><kerning first="115" second="118" amount="-1"/><kerning first="115" second="119" amount="-1"/><kerning first="115" second="120" amount="-1"/><kerning first="115" second="121" amount="-1"/><kerning first="115" second="122" amount="-1"/><kerning first="115" second="66" amount="-1"/><kerning first="115" second="67" amount="-1"/><kerning first="115" second="69" amount="-1"/><kerning first="115" second="71" amount="-1"/><kerning first="115" second="79" amount="-1"/><kerning first="115" second="81" amount="-1"/><kerning first="115" second="84" amount="-9"/><kerning first="115" second="86" amount="-1"/><kerning first="115" second="89" amount="-6"/><kerning first="116" second="49" amount="-9"/><kerning first="116" second="97" amount="-2"/><kerning first="116" second="98" amount="-1"/><kerning first="116" second="99" amount="-1"/><kerning first="116" second="100" amount="-1"/><kerning first="116" second="101" amount="-2"/><kerning first="116" second="102" amount="-1"/><kerning first="116" second="103" amount="-2"/><kerning first="116" second="104" amount="-1"/><kerning first="116" second="106" amount="-1"/><kerning first="116" second="107" amount="-1"/><kerning first="116" second="108" amount="-1"/><kerning first="116" second="109" amount="-1"/><kerning first="116" second="110" amount="-1"/><kerning first="116" second="111" amount="-2"/><kerning first="116" second="113" amount="-2"/><kerning first="116" second="115" amount="-1"/><kerning first="116" second="116" amount="-5"/><kerning first="116" second="117" amount="-1"/><kerning first="116" second="118" amount="-5"/><kerning first="116" second="119" amount="-2"/><kerning first="116" second="120" amount="-2"/><kerning first="116" second="122" amount="-1"/><kerning first="116" second="84" amount="-9"/><kerning first="116" second="87" amount="-1"/><kerning first="116" second="89" amount="-7"/><kerning first="117" second="48" amount="-1"/><kerning first="117" second="49" amount="-9"/><kerning first="117" second="54" amount="-1"/><kerning first="117" second="97" amount="-1"/><kerning first="117" second="99" amount="-1"/><kerning first="117" second="100" amount="-1"/><kerning first="117" second="101" amount="-1"/><kerning first="117" second="103" amount="-1"/><kerning first="117" second="104" amount="-2"/><kerning first="117" second="111" amount="-1"/><kerning first="117" second="113" amount="-1"/><kerning first="117" second="114" amount="-1"/><kerning first="117" second="115" amount="-1"/><kerning first="117" second="116" amount="-3"/><kerning first="117" second="117" amount="-1"/><kerning first="117" second="118" amount="-1"/><kerning first="117" second="66" amount="-1"/><kerning first="117" second="67" amount="-1"/><kerning first="117" second="69" amount="-1"/><kerning first="117" second="71" amount="-1"/><kerning first="117" second="79" amount="-1"/><kerning first="117" second="81" amount="-1"/><kerning first="117" second="84" amount="-9"/><kerning first="117" second="86" amount="-1"/><kerning first="117" second="88" amount="-4"/><kerning first="117" second="89" amount="-7"/><kerning first="118" second="48" amount="-1"/><kerning first="118" second="49" amount="-5"/><kerning first="118" second="54" amount="-1"/><kerning first="118" second="97" amount="-3"/><kerning first="118" second="98" amount="-2"/><kerning first="118" second="99" amount="-2"/><kerning first="118" second="100" amount="-3"/><kerning first="118" second="101" amount="-3"/><kerning first="118" second="103" amount="-1"/><kerning first="118" second="104" amount="-2"/><kerning first="118" second="105" amount="-1"/><kerning first="118" second="106" amount="-3"/><kerning first="118" second="107" amount="-1"/><kerning first="118" second="108" amount="-1"/><kerning first="118" second="109" amount="-1"/><kerning first="118" second="110" amount="-1"/><kerning first="118" second="111" amount="-3"/><kerning first="118" second="113" amount="-3"/><kerning first="118" second="115" amount="-1"/><kerning first="118" second="116" amount="-2"/><kerning first="118" second="117" amount="-1"/><kerning first="118" second="118" amount="-1"/><kerning first="118" second="119" amount="-1"/><kerning first="118" second="120" amount="-1"/><kerning first="118" second="121" amount="-1"/><kerning first="118" second="122" amount="-1"/><kerning first="118" second="66" amount="-1"/><kerning first="118" second="67" amount="-1"/><kerning first="118" second="69" amount="-1"/><kerning first="118" second="71" amount="-1"/><kerning first="118" second="74" amount="-3"/><kerning first="118" second="79" amount="-1"/><kerning first="118" second="81" amount="-1"/><kerning first="118" second="84" amount="-5"/><kerning first="118" second="86" amount="-1"/><kerning first="118" second="89" amount="-7"/><kerning first="119" second="48" amount="-1"/><kerning first="119" second="49" amount="-9"/><kerning first="119" second="54" amount="-1"/><kerning first="119" second="97" amount="-2"/><kerning first="119" second="98" amount="-1"/><kerning first="119" second="99" amount="-1"/><kerning first="119" second="100" amount="-1"/><kerning first="119" second="101" amount="-2"/><kerning first="119" second="102" amount="-1"/><kerning first="119" second="103" amount="-1"/><kerning first="119" second="104" amount="-1"/><kerning first="119" second="106" amount="-1"/><kerning first="119" second="107" amount="-1"/><kerning first="119" second="108" amount="-1"/><kerning first="119" second="111" amount="-2"/><kerning first="119" second="113" amount="-2"/><kerning first="119" second="114" amount="-1"/><kerning first="119" second="115" amount="-1"/><kerning first="119" second="116" amount="-2"/><kerning first="119" second="117" amount="-2"/><kerning first="119" second="122" amount="-1"/><kerning first="119" second="66" amount="-1"/><kerning first="119" second="67" amount="-1"/><kerning first="119" second="69" amount="-1"/><kerning first="119" second="71" amount="-1"/><kerning first="119" second="79" amount="-1"/><kerning first="119" second="81" amount="-1"/><kerning first="119" second="84" amount="-9"/><kerning first="119" second="86" amount="-1"/><kerning first="119" second="89" amount="-7"/><kerning first="120" second="48" amount="-1"/><kerning first="120" second="49" amount="-9"/><kerning first="120" second="54" amount="-1"/><kerning first="120" second="97" amount="-4"/><kerning first="120" second="98" amount="-1"/><kerning first="120" second="99" amount="-4"/><kerning first="120" second="100" amount="-1"/><kerning first="120" second="101" amount="-4"/><kerning first="120" second="102" amount="-1"/><kerning first="120" second="104" amount="-2"/><kerning first="120" second="107" amount="-1"/><kerning first="120" second="108" amount="-1"/><kerning first="120" second="111" amount="-4"/><kerning first="120" second="113" amount="-4"/><kerning first="120" second="116" amount="-2"/><kerning first="120" second="117" amount="-1"/><kerning first="120" second="118" amount="-1"/><kerning first="120" second="119" amount="-1"/><kerning first="120" second="121" amount="-1"/><kerning first="120" second="122" amount="-1"/><kerning first="120" second="66" amount="-1"/><kerning first="120" second="67" amount="-1"/><kerning first="120" second="69" amount="-1"/><kerning first="120" second="71" amount="-1"/><kerning first="120" second="79" amount="-1"/><kerning first="120" second="81" amount="-1"/><kerning first="120" second="84" amount="-9"/><kerning first="120" second="86" amount="-1"/><kerning first="120" second="89" amount="-7"/><kerning first="121" second="48" amount="-1"/><kerning first="121" second="49" amount="-9"/><kerning first="121" second="54" amount="-1"/><kerning first="121" second="100" amount="-1"/><kerning first="121" second="66" amount="-1"/><kerning first="121" second="67" amount="-1"/><kerning first="121" second="69" amount="-1"/><kerning first="121" second="71" amount="-1"/><kerning first="121" second="79" amount="-1"/><kerning first="121" second="81" amount="-1"/><kerning first="121" second="84" amount="-9"/><kerning first="121" second="89" amount="-7"/><kerning first="122" second="48" amount="-1"/><kerning first="122" second="49" amount="-9"/><kerning first="122" second="54" amount="-1"/><kerning first="122" second="97" amount="-1"/><kerning first="122" second="99" amount="-2"/><kerning first="122" second="100" amount="-1"/><kerning first="122" second="101" amount="-1"/><kerning first="122" second="103" amount="-2"/><kerning first="122" second="111" amount="-1"/><kerning first="122" second="113" amount="-1"/><kerning first="122" second="115" amount="-2"/><kerning first="122" second="117" amount="-2"/><kerning first="122" second="118" amount="-1"/><kerning first="122" second="119" amount="-1"/><kerning first="122" second="122" amount="-1"/><kerning first="122" second="66" amount="-1"/><kerning first="122" second="67" amount="-1"/><kerning first="122" second="69" amount="-1"/><kerning first="122" second="71" amount="-1"/><kerning first="122" second="79" amount="-1"/><kerning first="122" second="81" amount="-1"/><kerning first="122" second="84" amount="-9"/><kerning first="122" second="89" amount="-7"/><kerning first="65" second="49" amount="-4"/><kerning first="65" second="97" amount="-1"/><kerning first="65" second="99" amount="-1"/><kerning first="65" second="101" amount="-1"/><kerning first="65" second="107" amount="-1"/><kerning first="65" second="111" amount="-1"/><kerning first="65" second="113" amount="-1"/><kerning first="65" second="116" amount="-1"/><kerning first="65" second="117" amount="-1"/><kerning first="65" second="118" amount="-1"/><kerning first="65" second="119" amount="-1"/><kerning first="65" second="120" amount="-1"/><kerning first="65" second="121" amount="-1"/><kerning first="65" second="122" amount="-1"/><kerning first="65" second="67" amount="-1"/><kerning first="65" second="84" amount="-4"/><kerning first="65" second="86" amount="-1"/><kerning first="65" second="88" amount="-3"/><kerning first="65" second="89" amount="-4"/><kerning first="66" second="49" amount="-3"/><kerning first="66" second="97" amount="-1"/><kerning first="66" second="99" amount="-1"/><kerning first="66" second="101" amount="-1"/><kerning first="66" second="103" amount="-1"/><kerning first="66" second="111" amount="-1"/><kerning first="66" second="113" amount="-1"/><kerning first="66" second="118" amount="-2"/><kerning first="66" second="84" amount="-3"/><kerning first="66" second="86" amount="-1"/><kerning first="66" second="88" amount="-3"/><kerning first="66" second="89" amount="-3"/><kerning first="67" second="49" amount="-2"/><kerning first="67" second="120" amount="-2"/><kerning first="67" second="84" amount="-2"/><kerning first="67" second="86" amount="-1"/><kerning first="67" second="88" amount="-2"/><kerning first="67" second="89" amount="-2"/><kerning first="68" second="49" amount="-4"/><kerning first="68" second="115" amount="-1"/><kerning first="68" second="116" amount="-4"/><kerning first="68" second="118" amount="-2"/><kerning first="68" second="120" amount="-2"/><kerning first="68" second="121" amount="-1"/><kerning first="68" second="122" amount="-1"/><kerning first="68" second="73" amount="-4"/><kerning first="68" second="74" amount="-1"/><kerning first="68" second="77" amount="-1"/><kerning first="68" second="84" amount="-4"/><kerning first="68" second="86" amount="-1"/><kerning first="68" second="88" amount="-4"/><kerning first="68" second="89" amount="-4"/><kerning first="70" second="48" amount="-1"/><kerning first="70" second="54" amount="-1"/><kerning first="70" second="57" amount="-1"/><kerning first="70" second="97" amount="-7"/><kerning first="70" second="98" amount="-2"/><kerning first="70" second="99" amount="-7"/><kerning first="70" second="100" amount="-7"/><kerning first="70" second="101" amount="-7"/><kerning first="70" second="102" amount="-3"/><kerning first="70" second="103" amount="-8"/><kerning first="70" second="104" amount="-2"/><kerning first="70" second="106" amount="-14"/><kerning first="70" second="107" amount="-2"/><kerning first="70" second="108" amount="-3"/><kerning first="70" second="109" amount="-4"/><kerning first="70" second="110" amount="-4"/><kerning first="70" second="111" amount="-7"/><kerning first="70" second="113" amount="-7"/><kerning first="70" second="114" amount="-7"/><kerning first="70" second="115" amount="-7"/><kerning first="70" second="117" amount="-4"/><kerning first="70" second="118" amount="-5"/><kerning first="70" second="119" amount="-6"/><kerning first="70" second="120" amount="-6"/><kerning first="70" second="121" amount="-6"/><kerning first="70" second="122" amount="-6"/><kerning first="70" second="65" amount="-4"/><kerning first="70" second="66" amount="-1"/><kerning first="70" second="67" amount="-1"/><kerning first="70" second="68" amount="-1"/><kerning first="70" second="69" amount="-1"/><kerning first="70" second="70" amount="-1"/><kerning first="70" second="71" amount="-1"/><kerning first="70" second="72" amount="-1"/><kerning first="70" second="73" amount="-2"/><kerning first="70" second="74" amount="-6"/><kerning first="70" second="75" amount="-3"/><kerning first="70" second="76" amount="-1"/><kerning first="70" second="77" amount="-2"/><kerning first="70" second="78" amount="-1"/><kerning first="70" second="79" amount="-1"/><kerning first="70" second="80" amount="-2"/><kerning first="70" second="81" amount="-1"/><kerning first="70" second="82" amount="-3"/><kerning first="70" second="83" amount="-1"/><kerning first="70" second="85" amount="-1"/><kerning first="70" second="86" amount="-1"/><kerning first="70" second="87" amount="-1"/><kerning first="70" second="88" amount="-3"/><kerning first="70" second="89" amount="-2"/><kerning first="70" second="90" amount="-1"/><kerning first="70" second="8470" amount="-1"/><kerning first="70" second="95" amount="-6"/><kerning first="70" second="46" amount="-6"/><kerning first="70" second="44" amount="-6"/><kerning first="70" second="124" amount="-1"/><kerning first="72" second="49" amount="-2"/><kerning first="72" second="97" amount="-1"/><kerning first="72" second="99" amount="-1"/><kerning first="72" second="101" amount="-1"/><kerning first="72" second="103" amount="-2"/><kerning first="72" second="111" amount="-1"/><kerning first="72" second="113" amount="-1"/><kerning first="72" second="84" amount="-2"/><kerning first="72" second="89" amount="-1"/><kerning first="73" second="97" amount="-4"/><kerning first="73" second="99" amount="-4"/><kerning first="73" second="101" amount="-4"/><kerning first="73" second="109" amount="-2"/><kerning first="73" second="110" amount="-2"/><kerning first="73" second="111" amount="-4"/><kerning first="73" second="113" amount="-4"/><kerning first="73" second="114" amount="-2"/><kerning first="73" second="119" amount="-2"/><kerning first="73" second="67" amount="-1"/><kerning first="74" second="49" amount="-1"/><kerning first="74" second="84" amount="-1"/><kerning first="74" second="88" amount="-2"/><kerning first="74" second="89" amount="-1"/><kerning first="75" second="48" amount="-2"/><kerning first="75" second="49" amount="-3"/><kerning first="75" second="54" amount="-2"/><kerning first="75" second="97" amount="-4"/><kerning first="75" second="99" amount="-4"/><kerning first="75" second="101" amount="-4"/><kerning first="75" second="103" amount="-3"/><kerning first="75" second="111" amount="-4"/><kerning first="75" second="113" amount="-4"/><kerning first="75" second="117" amount="-2"/><kerning first="75" second="118" amount="-3"/><kerning first="75" second="121" amount="-2"/><kerning first="75" second="122" amount="-2"/><kerning first="75" second="65" amount="-1"/><kerning first="75" second="66" amount="-2"/><kerning first="75" second="67" amount="-2"/><kerning first="75" second="69" amount="-2"/><kerning first="75" second="71" amount="-2"/><kerning first="75" second="79" amount="-2"/><kerning first="75" second="81" amount="-2"/><kerning first="75" second="84" amount="-3"/><kerning first="75" second="86" amount="-1"/><kerning first="75" second="89" amount="-2"/><kerning first="76" second="49" amount="-9"/><kerning first="76" second="97" amount="-2"/><kerning first="76" second="98" amount="-1"/><kerning first="76" second="99" amount="-1"/><kerning first="76" second="100" amount="-1"/><kerning first="76" second="101" amount="-2"/><kerning first="76" second="102" amount="-1"/><kerning first="76" second="104" amount="-3"/><kerning first="76" second="107" amount="-1"/><kerning first="76" second="108" amount="-1"/><kerning first="76" second="111" amount="-2"/><kerning first="76" second="113" amount="-2"/><kerning first="76" second="115" amount="-1"/><kerning first="76" second="116" amount="-7"/><kerning first="76" second="118" amount="-7"/><kerning first="76" second="120" amount="-3"/><kerning first="76" second="67" amount="-2"/><kerning first="76" second="84" amount="-9"/><kerning first="76" second="88" amount="-4"/><kerning first="76" second="89" amount="-9"/><kerning first="76" second="45" amount="-6"/><kerning first="77" second="116" amount="-1"/><kerning first="77" second="65" amount="-1"/><kerning first="77" second="88" amount="-1"/><kerning first="77" second="89" amount="-2"/><kerning first="78" second="49" amount="-2"/><kerning first="78" second="97" amount="-1"/><kerning first="78" second="99" amount="-1"/><kerning first="78" second="101" amount="-1"/><kerning first="78" second="103" amount="-2"/><kerning first="78" second="111" amount="-1"/><kerning first="78" second="113" amount="-1"/><kerning first="78" second="84" amount="-2"/><kerning first="78" second="89" amount="-1"/><kerning first="79" second="49" amount="-1"/><kerning first="79" second="84" amount="-1"/><kerning first="79" second="88" amount="-2"/><kerning first="79" second="89" amount="-1"/><kerning first="80" second="49" amount="-1"/><kerning first="80" second="97" amount="-2"/><kerning first="80" second="98" amount="-1"/><kerning first="80" second="99" amount="-2"/><kerning first="80" second="100" amount="-1"/><kerning first="80" second="101" amount="-2"/><kerning first="80" second="102" amount="-1"/><kerning first="80" second="104" amount="-1"/><kerning first="80" second="107" amount="-1"/><kerning first="80" second="108" amount="-1"/><kerning first="80" second="109" amount="-1"/><kerning first="80" second="110" amount="-1"/><kerning first="80" second="111" amount="-2"/><kerning first="80" second="113" amount="-2"/><kerning first="80" second="114" amount="-2"/><kerning first="80" second="115" amount="-2"/><kerning first="80" second="116" amount="-1"/><kerning first="80" second="117" amount="-1"/><kerning first="80" second="118" amount="-2"/><kerning first="80" second="119" amount="-1"/><kerning first="80" second="121" amount="-1"/><kerning first="80" second="122" amount="-1"/><kerning first="80" second="65" amount="-2"/><kerning first="80" second="84" amount="-1"/><kerning first="80" second="86" amount="-1"/><kerning first="80" second="87" amount="-1"/><kerning first="80" second="88" amount="-3"/><kerning first="80" second="89" amount="-2"/><kerning first="80" second="95" amount="-4"/><kerning first="80" second="46" amount="-4"/><kerning first="80" second="44" amount="-4"/><kerning first="81" second="49" amount="-1"/><kerning first="81" second="84" amount="-1"/><kerning first="81" second="88" amount="-2"/><kerning first="81" second="89" amount="-1"/><kerning first="83" second="49" amount="-1"/><kerning first="83" second="97" amount="-2"/><kerning first="83" second="98" amount="-1"/><kerning first="83" second="99" amount="-1"/><kerning first="83" second="100" amount="-1"/><kerning first="83" second="101" amount="-2"/><kerning first="83" second="103" amount="-1"/><kerning first="83" second="111" amount="-2"/><kerning first="83" second="113" amount="-2"/><kerning first="83" second="116" amount="-3"/><kerning first="83" second="84" amount="-1"/><kerning first="83" second="86" amount="-1"/><kerning first="83" second="88" amount="-3"/><kerning first="83" second="89" amount="-2"/><kerning first="84" second="48" amount="-2"/><kerning first="84" second="49" amount="-4"/><kerning first="84" second="54" amount="-2"/><kerning first="84" second="57" amount="-1"/><kerning first="84" second="97" amount="-7"/><kerning first="84" second="98" amount="-1"/><kerning first="84" second="99" amount="-7"/><kerning first="84" second="100" amount="-7"/><kerning first="84" second="101" amount="-7"/><kerning first="84" second="102" amount="-2"/><kerning first="84" second="103" amount="-7"/><kerning first="84" second="104" amount="-2"/><kerning first="84" second="105" amount="-2"/><kerning first="84" second="107" amount="-2"/><kerning first="84" second="108" amount="-2"/><kerning first="84" second="109" amount="-3"/><kerning first="84" second="110" amount="-3"/><kerning first="84" second="111" amount="-7"/><kerning first="84" second="113" amount="-7"/><kerning first="84" second="114" amount="-7"/><kerning first="84" second="115" amount="-7"/><kerning first="84" second="117" amount="-4"/><kerning first="84" second="119" amount="-4"/><kerning first="84" second="121" amount="-6"/><kerning first="84" second="122" amount="-4"/><kerning first="84" second="65" amount="-3"/><kerning first="84" second="66" amount="-2"/><kerning first="84" second="67" amount="-2"/><kerning first="84" second="68" amount="-2"/><kerning first="84" second="69" amount="-2"/><kerning first="84" second="70" amount="-2"/><kerning first="84" second="71" amount="-2"/><kerning first="84" second="72" amount="-2"/><kerning first="84" second="75" amount="-3"/><kerning first="84" second="77" amount="-3"/><kerning first="84" second="78" amount="-2"/><kerning first="84" second="79" amount="-2"/><kerning first="84" second="80" amount="-3"/><kerning first="84" second="81" amount="-2"/><kerning first="84" second="82" amount="-3"/><kerning first="84" second="83" amount="-1"/><kerning first="84" second="84" amount="-4"/><kerning first="84" second="85" amount="-2"/><kerning first="84" second="86" amount="-3"/><kerning first="84" second="88" amount="-4"/><kerning first="84" second="89" amount="-3"/><kerning first="84" second="8470" amount="-2"/><kerning first="84" second="95" amount="-6"/><kerning first="84" second="45" amount="-2"/><kerning first="84" second="46" amount="-6"/><kerning first="84" second="44" amount="-6"/><kerning first="84" second="124" amount="-2"/><kerning first="85" second="49" amount="-2"/><kerning first="85" second="65" amount="-2"/><kerning first="85" second="77" amount="-1"/><kerning first="85" second="84" amount="-2"/><kerning first="85" second="89" amount="-2"/><kerning first="86" second="49" amount="-1"/><kerning first="86" second="57" amount="-1"/><kerning first="86" second="97" amount="-3"/><kerning first="86" second="98" amount="-1"/><kerning first="86" second="99" amount="-2"/><kerning first="86" second="100" amount="-2"/><kerning first="86" second="101" amount="-3"/><kerning first="86" second="103" amount="-2"/><kerning first="86" second="107" amount="-1"/><kerning first="86" second="109" amount="-1"/><kerning first="86" second="110" amount="-1"/><kerning first="86" second="111" amount="-3"/><kerning first="86" second="113" amount="-3"/><kerning first="86" second="114" amount="-1"/><kerning first="86" second="115" amount="-2"/><kerning first="86" second="117" amount="-1"/><kerning first="86" second="118" amount="-1"/><kerning first="86" second="119" amount="-1"/><kerning first="86" second="120" amount="-1"/><kerning first="86" second="121" amount="-1"/><kerning first="86" second="122" amount="-1"/><kerning first="86" second="65" amount="-2"/><kerning first="86" second="77" amount="-1"/><kerning first="86" second="83" amount="-1"/><kerning first="86" second="84" amount="-1"/><kerning first="87" second="49" amount="-3"/><kerning first="87" second="97" amount="-2"/><kerning first="87" second="99" amount="-1"/><kerning first="87" second="101" amount="-2"/><kerning first="87" second="103" amount="-1"/><kerning first="87" second="111" amount="-2"/><kerning first="87" second="113" amount="-2"/><kerning first="87" second="116" amount="-2"/><kerning first="87" second="117" amount="-1"/><kerning first="87" second="122" amount="-1"/><kerning first="87" second="65" amount="-1"/><kerning first="87" second="77" amount="-1"/><kerning first="87" second="84" amount="-3"/><kerning first="87" second="89" amount="-1"/><kerning first="88" second="48" amount="-2"/><kerning first="88" second="49" amount="-3"/><kerning first="88" second="54" amount="-2"/><kerning first="88" second="57" amount="-2"/><kerning first="88" second="97" amount="-5"/><kerning first="88" second="99" amount="-4"/><kerning first="88" second="101" amount="-5"/><kerning first="88" second="103" amount="-2"/><kerning first="88" second="109" amount="-1"/><kerning first="88" second="110" amount="-1"/><kerning first="88" second="111" amount="-5"/><kerning first="88" second="113" amount="-5"/><kerning first="88" second="114" amount="-1"/><kerning first="88" second="115" amount="-2"/><kerning first="88" second="119" amount="-1"/><kerning first="88" second="120" amount="-1"/><kerning first="88" second="121" amount="-1"/><kerning first="88" second="122" amount="-1"/><kerning first="88" second="65" amount="-3"/><kerning first="88" second="66" amount="-2"/><kerning first="88" second="67" amount="-3"/><kerning first="88" second="69" amount="-2"/><kerning first="88" second="71" amount="-2"/><kerning first="88" second="79" amount="-2"/><kerning first="88" second="81" amount="-2"/><kerning first="88" second="83" amount="-2"/><kerning first="88" second="84" amount="-3"/><kerning first="88" second="86" amount="-1"/><kerning first="89" second="48" amount="-1"/><kerning first="89" second="54" amount="-1"/><kerning first="89" second="57" amount="-1"/><kerning first="89" second="97" amount="-5"/><kerning first="89" second="99" amount="-6"/><kerning first="89" second="100" amount="-6"/><kerning first="89" second="101" amount="-5"/><kerning first="89" second="103" amount="-6"/><kerning first="89" second="106" amount="-12"/><kerning first="89" second="107" amount="-3"/><kerning first="89" second="109" amount="-4"/><kerning first="89" second="110" amount="-4"/><kerning first="89" second="111" amount="-5"/><kerning first="89" second="113" amount="-5"/><kerning first="89" second="115" amount="-7"/><kerning first="89" second="116" amount="-4"/><kerning first="89" second="117" amount="-5"/><kerning first="89" second="118" amount="-5"/><kerning first="89" second="119" amount="-5"/><kerning first="89" second="120" amount="-5"/><kerning first="89" second="121" amount="-4"/><kerning first="89" second="122" amount="-4"/><kerning first="89" second="65" amount="-4"/><kerning first="89" second="66" amount="-1"/><kerning first="89" second="67" amount="-2"/><kerning first="89" second="69" amount="-1"/><kerning first="89" second="71" amount="-1"/><kerning first="89" second="72" amount="-1"/><kerning first="89" second="73" amount="-1"/><kerning first="89" second="75" amount="-2"/><kerning first="89" second="76" amount="-1"/><kerning first="89" second="77" amount="-1"/><kerning first="89" second="79" amount="-1"/><kerning first="89" second="80" amount="-2"/><kerning first="89" second="81" amount="-1"/><kerning first="89" second="82" amount="-2"/><kerning first="89" second="83" amount="-1"/><kerning first="89" second="85" amount="-1"/><kerning first="89" second="86" amount="-2"/><kerning first="89" second="87" amount="-1"/><kerning first="89" second="88" amount="-1"/><kerning first="89" second="90" amount="-1"/><kerning first="89" second="95" amount="-4"/><kerning first="89" second="45" amount="-4"/><kerning first="89" second="46" amount="-4"/><kerning first="89" second="44" amount="-4"/><kerning first="90" second="49" amount="-1"/><kerning first="90" second="97" amount="-3"/><kerning first="90" second="99" amount="-3"/><kerning first="90" second="101" amount="-3"/><kerning first="90" second="109" amount="-1"/><kerning first="90" second="110" amount="-1"/><kerning first="90" second="111" amount="-3"/><kerning first="90" second="113" amount="-3"/><kerning first="90" second="114" amount="-1"/><kerning first="90" second="115" amount="-1"/><kerning first="90" second="116" amount="-3"/><kerning first="90" second="117" amount="-1"/><kerning first="90" second="118" amount="-2"/><kerning first="90" second="119" amount="-1"/><kerning first="90" second="120" amount="-1"/><kerning first="90" second="121" amount="-1"/><kerning first="90" second="122" amount="-1"/><kerning first="90" second="84" amount="-1"/><kerning first="90" second="86" amount="-2"/><kerning first="95" second="49" amount="-4"/><kerning first="95" second="84" amount="-4"/><kerning first="45" second="49" amount="-2"/><kerning first="45" second="84" amount="-2"/><kerning first="45" second="89" amount="-4"/><kerning first="46" second="49" amount="-4"/><kerning first="46" second="84" amount="-4"/><kerning first="124" second="49" amount="-2"/><kerning first="124" second="97" amount="-1"/><kerning first="124" second="99" amount="-1"/><kerning first="124" second="101" amount="-1"/><kerning first="124" second="103" amount="-2"/><kerning first="124" second="111" amount="-1"/><kerning first="124" second="113" amount="-1"/><kerning first="124" second="84" amount="-2"/><kerning first="124" second="89" amount="-1"/></kernings></font>